,Emp ID,Name Prefix,First Name,Middle Initial,Last Name,Gender
0,428945,Dr.,Joe,W,Robinson,M
1,193819,Mr.,Benjamin,R,Russell,M
2,499687,Mr.,Patrick,F,Bailey,M
3,231469,Mr.,Ralph,L,Flores,M
4,153989,Prof.,Jack,C,Alexander,M
5,301576,Hon.,Wayne,G,Watson,M
6,912990,Mr.,Joshua,T,Stewart,M
7,622406,Mr.,Thomas,Q,Lewis,M
8,969580,Prof.,Matthew,L,Turner,M
9,263480,Hon.,Daniel,K,Cooper,M
10,683826,Mr.,Roger,L,Roberts,M
11,621833,Mr.,Gregory,X,Edwards,M
12,456747,Mr.,Roy,Z,Griffin,M
13,278556,Prof.,Richard,Y,Mitchell,M
14,218791,Mr.,Aaron,N,Price,M
15,726264,Hon.,Carl,N,Collins,M
16,265813,Hon.,Jack,E,Campbell,M
17,247137,Mr.,Alan,E,Rivera,M
18,702813,Mr.,Ernest,D,Martinez,M
19,958326,Mr.,Larry,T,Miller,M
20,818384,Mr.,Peter,X,Washington,M
21,971640,Prof.,Clarence,A,Ross,M
22,750173,Mr.,Antonio,R,Roberts,M
23,758872,Mr.,Henry,Y,Jenkins,M
24,917937,Mr.,Todd,H,Hall,M
25,917395,Hon.,Christopher,D,Nelson,M
26,316110,Mr.,Jeremy,I,Sanchez,M
27,293459,Mr.,Steven,J,Phillips,M
28,915638,Dr.,Jason,W,Anderson,M
29,883936,Mr.,Douglas,I,Flores,M
30,528673,Hon.,Paul,V,Watson,M
31,806955,Mr.,William,G,Hernandez,M
32,225925,Mr.,Paul,D,Cooper,M
33,761821,Mr.,Ernest,G,Washington,M
34,802554,Mr.,Ryan,V,Alexander,M
35,623929,Prof.,Jimmy,R,Howard,M
36,185032,Mr.,Eugene,D,Perez,M
37,489424,Dr.,Phillip,F,White,M
38,639892,Mr.,Jose,K,Hill,M
39,704709,Dr.,Harold,Z,Nelson,M
